{
  "test_sphere": {
    "stats": {
      "num_vertices": 162,
      "min": [
        -1.0,
        -1.0,
        -1.0
      ],
      "max": [
        1.0,
        1.0,
        1.0
      ],
      "mean": [
        3.974872557299943e-17,
        -4.454598555594764e-18,
        1.1650488530017074e-17
      ],
      "std": [
        0.5773502686861792,
        0.5773502686861792,
        0.5773502686861793
      ]
    },
    "minmax": {
      "normalization_params": {
        "min": [
          -1.0,
          -1.0,
          -1.0
        ],
        "max": [
          1.0,
          1.0,
          1.0
        ],
        "range": [
          2.0,
          2.0,
          2.0
        ]
      },
      "quantization_params": {
        "bins": 1024,
        "min_value": 0,
        "max_value": 1023
      },
      "errors": {
        "global": {
          "MSE": 4.91945590788648e-07,
          "MAE": 0.0006353029026224152
        },
        "per_axis": {
          "MSE": [
            4.919455907886482e-07,
            4.919455907886478e-07,
            4.919455907886481e-07
          ],
          "MAE": [
            0.0006353029026224152,
            0.0006353029026224152,
            0.0006353029026224152
          ]
        }
      }
    },
    "unit_sphere": {
      "normalization_params": {
        "centroid": [
          3.974872557299943e-17,
          -4.454598555594764e-18,
          1.1650488530017074e-17
        ],
        "scale": 0.4999999975673384,
        "max_distance": 1.0000000048653233
      },
      "quantization_params": {
        "bins": 1024,
        "min_value": 0,
        "max_value": 1023
      },
      "errors": {
        "global": {
          "MSE": 4.91945961784679e-07,
          "MAE": 0.000635303220095864
        },
        "per_axis": {
          "MSE": [
            4.919459617846835e-07,
            4.919459617846755e-07,
            4.919459617846784e-07
          ],
          "MAE": [
            0.0006353032200958663,
            0.0006353032200958619,
            0.0006353032200958634
          ]
        }
      }
    }
  }
}